Asset Class - Type,Bonds,Bonds,Equity,Equity,Equity,Equity,RiskyFI,RiskyFI
Asset Class - Name,US Government Bond USD Unhedged,US Inflation Linked Bond - USD Unhedged,Asia Pacific ex Japan Equity USD Hedged,Global Equity USD Hedged,Japan Equity - USD Unhedged,US Equity USD Unhedged,US High Yield Bond BB-B - USD Unhedged,USD Corporate Bond - USD Unhedged
Asset Data - Date,,,,,,,,
2000-10-31,0.0105312680949624,0.0174635363194379,,-0.0524110511553933,-0.1045873271670818,-0.0610922580694978,-0.0379602651193119,0.0057220790205474
2000-11-30,0.0205207176879273,0.0147495897100617,,-0.0612015216967683,-0.0414279371265958,-0.0789599786554119,-0.0353226830482008,0.0118720300032043
2000-12-31,0.0190553060078607,0.0100169373269594,,-0.0022944432096759,-0.0606947422506341,-0.0015403229767077,0.0270640447539511,0.0186443919842039
2001-01-31,0.0081614380660491,0.0211329603556632,,0.0271503447740704,-0.0118812995955163,0.0365673640070514,0.06248701073779,0.0286189631429382
2001-02-28,0.0120918158218336,0.0178597467253014,,-0.0775204980463337,-0.0449555735629322,-0.0893605586075311,0.0123557410184521,0.0084547901596863
2001-03-31,0.0032062099223759,0.0087598783480701,,-0.0462683343347756,-0.0289078269703632,-0.0637496527242718,-0.0181544456252214,0.0061318786709757
2001-04-30,-0.0124474348191757,0.0065636870879749,,0.0709968252237098,0.067987478772945,0.0779130871652254,-0.0101101207802749,-0.0032659855407283
2001-05-31,0.0031340487140181,0.0117249509083214,,-0.0060567104586172,-0.0023903979223805,0.0060179752322836,0.0152413770252807,0.0088703851541132
2001-06-30,0.0053655720446904,-0.0013183252544634,,-0.0247417674332004,-0.0595297278691209,-0.0228849344507739,-0.0232042035181618,0.0050084505186514
2001-07-31,0.0249619996622191,0.0165420234849577,,-0.0213093304092233,-0.0745025510841746,-0.0093256724245204,0.0148680253925827,0.027101667111113
2001-08-31,0.0132151331399946,0.0013676419810541,,-0.062805487424415,-0.025006034302129,-0.0664094032518964,0.0087325102880659,0.0129851464163694
2001-09-30,0.0158724995934298,0.0064698112952965,,-0.0890243575427664,-0.0927394745781739,-0.0764494109300477,-0.0604270526513328,-0.0033535651370393
2001-10-31,0.0277270835334422,0.0229557010530486,,0.0250406424217322,-0.0020797771800458,0.0146422456047119,0.0325300681689895,0.0246111523043879
2001-11-30,-0.0247671267017663,-0.0238042366371919,,0.0624229994956798,0.0108398928152738,0.0770710168004503,0.0328088073271041,-0.0084510697663049
2001-12-31,-0.0097431638129312,-0.0102468675417662,,0.0110236378795263,-0.0674499940578166,0.0063546189094296,-0.0088435041774564,-0.0072359799963862
2002-01-31,0.0067421529726764,0.0050464899503489,,-0.0194040469019437,-0.0782666183786148,-0.0141019085806892,0.0048966446481974,0.0084865751361336
2002-02-28,0.0090041015124327,0.015801967073487,,-0.0100158135422634,0.0415456577074013,-0.0195259140460655,-0.0092223166982798,0.0066005743119269
2002-03-31,-0.024071898123154,-0.0061291641632849,,0.0400669117854084,0.0583212480226058,0.0372887259355356,0.0215540005281225,-0.0185787506899636
2002-04-30,0.0248934300868828,0.0276934045286775,,-0.0461222981865489,0.0582175231970558,-0.0648573452119133,0.0131425894213059,0.012610119241659
2002-05-31,0.0055880111760225,0.0168793629229235,,-0.0108061979469956,0.0623467135447549,-0.0074380940111304,-0.0019055516133404,0.0140651649902482
2002-06-30,0.0141134124778983,0.0137594533172063,,-0.0791252265904438,-0.0520746711718879,-0.0762089971627848,-0.0726610429447853,9.558596917624096e-05
2002-07-31,0.0236931411314175,0.0169627209892467,,-0.0847091300643736,-0.0694598979991757,-0.071888191853942,-0.038910137137344,-0.0036349883655468
2002-08-31,0.0216240875912409,0.0375815619360628,,0.0016176737201938,-0.0105914931655316,0.0047604594083149,0.0315673427682821,0.0265213110039766
2002-09-30,0.0269715102259533,0.0242542977653678,,-0.1106299332875396,-0.0439971579799173,-0.1128414972435567,-0.0151877177586821,0.0190718154233187
2002-10-31,-0.0110734266747834,-0.0268613695445746,,0.0738679972979318,-0.0695768613707863,0.0908375112347222,-0.0091225903215844,-0.0134203976685801
2002-11-30,-0.00990766524989,-0.0005138787246209,,0.053637492556931,0.0405620979606242,0.0601941755055842,0.058151027058792,0.0156346101502188
2002-12-31,0.0259940195991355,0.0352311275868024,,-0.0656838801232481,-0.025750303743085,-0.0603897036238692,0.0109136500563773,0.0305306734361736
2003-01-31,-0.0030587216851825,0.0065955301900586,,-0.0372908859723532,-0.0405171545477178,-0.0241492126089343,0.0224240255037914,0.0042115262305439
2003-02-28,0.017221916698023,0.037484945483773,,-0.0164820266217765,0.0058965977997391,-0.015220187868805,0.011568552424837,0.0205425058324952
2003-03-31,-0.0041543364443432,-0.0171184841139134,,-0.0052025923050353,-0.0441419170911405,0.0093125845372511,0.0226552062710254,0.0004293363893297
2003-04-30,0.0046288359334819,-0.002155663370102,,0.0836066593649873,-0.0077972861801957,0.0835485108057245,0.0482100276227875,0.0199603688589023
2003-05-31,0.0288395904436859,0.0480062790794206,,0.0431584249269971,0.0485923042949562,0.0536558352201976,0.0066744247156425,0.0324074224449521
2003-06-30,-0.0061093603140378,-0.0098471291558798,,0.0208702150689843,0.0737599688847831,0.0123945901778805,0.0257301393156527,-0.0022834576525181
2003-07-31,-0.043918449086307,-0.0478985917883106,,0.0281857013631357,0.040587519353434,0.0185697384550613,-0.0165995317521484,-0.0434387461189604
2003-08-31,0.0059347181008901,0.0193400868527894,,0.0242931148354568,0.1053917877187629,0.0187639352970093,0.0114675677074475,0.008315186198404
2003-09-30,0.0301347677714154,0.0335867498982087,,-0.0159043971759913,0.0596800628582643,-0.0115438538065857,0.0248241984766305,0.0358088730464925
2003-10-31,-0.0152442448062886,0.0050758293008454,,0.0544122117964171,0.0457758972517018,0.0570829450861706,0.0182741551234681,-0.010517629915217
2003-11-30,0.0012543832140718,0.0004201983769162,,0.0067784389020729,-0.0308591327410243,0.009681706436967,0.0127696833847016,0.005077023112218
2003-12-31,0.0088551009367615,0.0092182485387864,,0.04564059101874,0.0693803807963961,0.0519630212850716,0.0216207991257617,0.0113894882130334
2004-01-31,0.0085233687062541,0.013246484156376,,0.0166415826963195,0.018094028502389,0.0181169358461207,0.0129037499407619,0.0104806688144973
2004-02-29,0.0123691722169362,0.0230569260095852,,0.0176577119281876,-0.0029215107899496,0.0121335602425674,0.0021722420880258,0.0124517142328651
2004-03-31,0.0093984962406015,0.0157849451989803,,-0.0087940735823312,0.1346339968543091,-0.0158822494663213,0.0088635454181673,0.009447187777723
2004-04-30,-0.0321776755394895,-0.0479336254062745,,-0.0038427153633243,-0.0542020464257422,-0.0153536607182504,-0.0084485254744857,-0.0314402318808565
2004-05-31,-0.0034237854050537,0.0172847659699821,,0.0018130155387631,-0.0350792028183946,0.0133018889826211,-0.0160276283243662,-0.0072398300629337
2004-06-30,0.0040034071550256,0.0004588869946988,,0.0211882874916642,0.0538792869162356,0.0188912841289138,0.0126772683230908,0.0044130728797437
2004-07-31,0.0095302734651169,0.0096403766049302,,-0.0288728435756549,-0.0592787705751613,-0.034048459575885,0.0157435533728539,0.0124418956796684
2004-08-31,0.0206734270827497,0.0265012316879616,,0.0017979919227249,0.0072540913484313,0.0051200633976359,0.0185889033074019,0.023777697104408
2004-09-30,0.0025798660665276,0.0022973011778735,,0.0130709057891944,-0.0232501702486264,0.0109802471090188,0.0134964722924601,0.006160672695785
2004-10-31,0.0079386805365452,0.0098383384538982,,0.0126233371975252,0.0261823234711538,0.0152927752292768,0.0176301684532925,0.0097573969053733
2004-11-30,-0.0134437805540466,-0.0030924738121595,,0.0341390130119223,0.0482754174710083,0.0411219097543497,0.0061072339998619,-0.0101696689972221
2004-12-31,0.0099105299380592,0.0184143019847311,,0.0339316487801078,0.0513196595670228,0.035053811503163,0.0119658226191441,0.01367861065723
2005-01-31,0.0073054381899957,-0.0005205393883936,,-0.009764332984537,-0.023220772071252,-0.0247568568187597,0.0006959113667576,0.0079664163604913
2005-02-28,-0.0081725435012041,-0.0043342397263277,,0.0257629560057248,0.0206201827191768,0.0208555335362518,0.0136685334482122,-0.0059551392044429
2005-03-31,-0.0032468418324193,0.0014838886582452,,-0.0095301053357223,-0.0202797929317775,-0.0159713527874838,-0.0269016641268646,-0.0132547555227695
2005-04-30,0.0175736340742363,0.0191811504841744,,-0.0220262589205105,-0.0257257129328149,-0.0180677728036728,-0.0056214125280759,0.0129718652030452
2005-05-31,0.0122128369290363,0.0071611327698291,,0.0358270033579524,-0.0090980678268431,0.032690996452095,0.0182583652802439,0.0137472353264502
2005-06-30,0.0061390453917295,0.0036469648083159,,0.0173810187764868,-0.0009684817022407,0.0025059901906229,0.0177646051180302,0.0081946816786825
2005-07-31,-0.0135502786655748,-0.0204483731543924,,0.0380775358157615,0.009963612395703,0.037574058830356,0.0135313491390793,-0.0098732539321709
2005-08-31,0.0158785412092326,0.0227368315532784,,0.0017572875972397,0.0695854690138548,-0.0092855193956896,0.0033391674183277,0.0153101792259198
2005-09-30,-0.0132844829858456,-0.0015346851631474,,0.0332646629435943,0.1036746620865718,0.0085687573707502,-0.0089363323529762,-0.0161421019234727
2005-10-31,-0.007800186990784,-0.0127871820877017,,-0.0183297656844959,-0.0119818044927734,-0.0164050520700873,-0.005754963505842,-0.0115512314958288
2005-11-30,0.0048461352071723,0.0020557617261913,,0.042990064551125,0.0426917947204426,0.0404071736334798,0.0049725993462512,0.0058806086536247
2005-12-31,0.0103421482731826,0.0110974305540949,,0.022577487264726,0.0857878633840904,0.0005614743970729,0.0089641074971441,0.0101105696500445
2006-01-31,-0.0029701132355669,0.0010438502445606,,0.0335251090458827,0.0504227911530891,0.0272945882910085,0.0158263864474648,-0.0021011483214577
2006-02-28,0.0014628826768091,-0.0003942992848797,,0.0043228339671872,-0.0084659009567563,0.001014756705513,0.004610592631264,0.0045160359055386
2006-03-31,-0.0107829597365345,-0.0215105807174492,,0.0257612717061745,0.0255939730445188,0.0128255548161612,0.0053776939560792,-0.0140957231566614
2006-04-30,-0.0041346721795628,-0.0018729029941934,,0.0107944768710859,0.0291087098680226,0.0131827978484656,0.003217488268364,-0.0034967952257312
2006-05-31,0.0003235198964736,0.003347860376648,,-0.0424040319022652,-0.0621766764154138,-0.0295906108450643,-0.0015746390487327,-0.0016897106564712
2006-06-30,0.0031802501078051,0.0028438560904376,,0.0065160564637216,-0.0110612426851947,0.0011215346418327,-0.0034557535978106,0.0012581437545081
2006-07-31,0.012385148568051,0.0157297471166108,,0.0069432419148517,-0.0055322294364035,0.0033392100893959,0.010333391516844,0.0146088287468456
2006-08-31,0.0147015895762015,0.0177242472401655,,0.0272616312584504,0.0150161883414686,0.0241568354207701,0.0169540329175449,0.0186360515899278
2006-09-30,0.0092751608912832,0.0019519710184775,,0.0192779674435194,-0.0160875482547142,0.0254581383287351,0.0129225890480775,0.0114519140033121
2006-10-31,0.0050713331266309,-0.0017538751266047,,0.0322272753917118,0.0174098922065701,0.034173311171834,0.0132049733887919,0.0080917079856531
2006-11-30,0.0104462848964814,0.0122299708782736,,0.0127925174930894,0.0071039078620346,0.0198438994624128,0.0156593133738702,0.0146568519730269
2006-12-31,-0.008218316044499,-0.0235839351027158,,0.0273743592628271,0.0248833351719926,0.0121453172393724,0.0092735451345125,-0.0090916412275385
2007-01-31,-0.0015954624114638,0.0011582079094665,,0.0188818053554317,0.0084627616185219,0.0181226354920632,0.00796107202644,7.472036813847156e-05
2007-02-28,0.0165834092412897,0.0209598823409028,,-0.0106012867012391,0.0402400847888981,-0.0182898926595307,0.0133131828813721,0.0205939856226952
2007-03-31,-0.000485002078009,0.0021306980463841,,0.0164032626148923,-0.0128328547020392,0.0108157844544099,0.0024558500350459,-0.005736052851639
2007-04-30,0.0051543947788798,0.0071537282039296,,0.0367551620237665,-0.01943794648401,0.0428658733838838,0.0119968246791821,0.0073390865247444
2007-05-31,-0.0089817274167583,-0.0123916425872416,,0.0354000231750133,0.0163350265673934,0.0350195618003819,0.0056883412381362,-0.0099960861210446
2007-06-30,-0.0004345479530466,-0.0016462757699465,,-0.0086299970517926,-0.0029977314777197,-0.0167203806925782,-0.016643077781336,-0.004892603025255
2007-07-31,0.0165852658552419,0.0228332995881699,,-0.0299633417793501,-0.0015939870307458,-0.0309530855219155,-0.0269209757737482,0.0023131655264627
2007-08-31,0.0156769478488747,0.0091598302110117,,0.0007289700105841,-0.0293645723527213,0.0151848982813832,0.0125400141432788,0.0080929649287764
2007-09-30,0.0053929475539537,0.0126150511063004,,0.0315937679403911,0.0234466481274294,0.0379579082293339,0.0237031508236924,0.0077013092468993
2007-10-31,0.0078638005455563,0.0115682228591598,,0.0223572460773384,-0.0037973717830794,0.016852450162812,0.0062234397133573,0.0120110463438365
2007-11-30,0.0306882982639199,0.040084238247955,,-0.0423034158489827,-0.0183167582361108,-0.0422113166741834,-0.0167019476116784,0.0059860832161972
2007-12-31,0.000798270585202,-0.0007113114656859,,-0.0073424227015159,-0.0395407202315605,-0.0057098149793047,0.0040792908876535,0.0015804448553212
2008-01-31,0.0253866741022437,0.0370287709247837,,-0.0841873824107106,-0.0456998538050203,-0.0606901852206584,-0.0065684974234504,0.0101757517490768
2008-02-29,0.0114012557568933,0.0134752597930081,,-0.0169122793669203,0.0069088463487003,-0.0310891297892091,-0.0108123225649847,0.001113725293771
2008-03-31,0.0069316334190382,0.0001084362498768,,-0.021595427211846,-0.0399454232902744,-0.0036838548497867,-0.0056386264583343,-0.0127069449680018
2008-04-30,-0.0171821436777695,-0.021201506016204,,0.0613113045209015,0.0726691504106321,0.0494980047717041,0.0381223175965664,0.0091495443899538
2008-05-31,-0.0116739043991112,0.0017834460756801,,0.0168556805274615,0.0251811277065276,0.0159559953656899,0.0024133618595806,-0.0095433202052893
2008-06-30,0.0078518839309167,0.0166301459232529,,-0.0827561965541626,-0.0681278683613891,-0.0815058938555116,-0.0248281977388605,-0.0063985763844996
2008-07-31,0.0042317043739745,-0.0067435558933376,,-0.0182515015694672,-0.0340788530505188,-0.0114368709732046,-0.0138456414512812,-0.0074761668278134
2008-08-31,0.012488385847826,0.0100361778752376,,0.0111261214184654,-0.0397687996221868,0.0136966064909032,0.00506063107785,0.0071896776386937
2008-09-30,0.0061225299906776,-0.0394137871685308,,-0.106463425115952,-0.1115788164877111,-0.0917257111884633,-0.0789622470423827,-0.0776877693286316
2008-10-31,-0.0011043632313781,-0.0827748824549076,,-0.1574441795384959,-0.1478185438255874,-0.1710159441861851,-0.1487682275680746,-0.064441875305771
2008-11-30,0.0530704971037045,0.0123969187922092,,-0.0598340491697656,-0.0124710479380297,-0.0737851049370164,-0.0709576907115498,0.0406854703964661
2008-12-31,0.0338785594135308,0.0482750028740244,,0.0110361593439194,0.0813445821360619,0.0129661864140447,0.0656639254827584,0.0679687131226018
2009-01-31,-0.029158131552929,0.0082559304625427,,-0.0699158753157653,-0.0679661656241943,-0.0814665371693166,0.069760730041367,0.0045336092307657
2009-02-28,-0.0052596661734294,-0.0193253936880538,,-0.0877034991438806,-0.1237937970084181,-0.1024898562996715,-0.0237862768021172,-0.0196726417580644
2009-03-31,0.0217858870199301,0.0588450565628049,,0.0647529659850114,0.0216549947662928,0.0856888880630311,0.0186675440039481,-0.0041310123137073
2009-04-30,-0.0182441090923156,-0.0193212215962446,,0.1050791310420084,0.0962551290809789,0.0960176867004955,0.0907423197168178,0.0347180178370009
2009-05-31,-0.0100883517247071,0.0207530674355881,,0.0593439695242976,0.1030562463128626,0.0550191668189534,0.0538907971100319,0.0390374076984944
2009-06-30,-0.0021206594007123,0.005032422408178,,-0.0001811095306522,0.0176135975478461,0.0022630867328213,0.0266576758822207,0.0273168842153833
2009-07-31,0.0041847389671433,0.0012837977296181,,0.0754136471078461,0.0427919726891244,0.0753769940271033,0.0464904982923198,0.0431736691988053
2009-08-31,0.0089036710031136,0.0081157133898506,,0.0377458784952085,0.0393682776125915,0.0347796721562935,0.0153453488007196,0.0183339877201848
2009-09-30,0.007779212735043,0.0211958018253643,,0.0311735850795838,-0.0167607120685664,0.0387894948892018,0.0464735334720705,0.017751258870927
2009-10-31,-0.000485742131721,0.0121673230509923,,-0.022387761381445,-0.0250809759303866,-0.0193700580728691,0.015032930683127,0.0070278625120442
2009-11-30,0.0139234293387342,0.027924289089213,,0.0311954820401126,-0.0102620080366444,0.0594935285826685,0.0077349084419615,0.0143095251881511
2009-12-31,-0.0261237251555747,-0.0219751364144312,,0.0359882551573373,0.0077683684411945,0.0205994152269097,0.0234404700605862,-0.0078083774263204
2010-01-31,0.0158115891831384,0.0159237743752991,,-0.0356922414811239,0.018983967776635,-0.035079895785014,0.0124791935074338,0.0163147677822493
2010-02-28,0.0039512462276914,-0.0118808889554605,,0.0195972618843605,0.0112171065267943,0.030861970447828,0.0026146158418783,0.0035550233514904
2010-03-31,-0.0084744576900156,0.0014265751567708,,0.0653916973534559,0.0505469722083859,0.0598852976016896,0.0280141367634593,0.0029867100811545
2010-04-30,0.0104820789800297,0.024409053916449,,0.0030569180774735,-0.0015330518719314,0.0160232488256159,0.0183609009682841,0.0182028216694308
2010-05-31,0.0171029474154809,-0.0004466903514459,,-0.0727412294173954,-0.080864268593404,-0.0806270746164457,-0.0297370959321104,-0.0055123519871976
2010-06-30,0.0185700026848834,0.0144117768251866,,-0.0415535087404986,-0.0200356748913175,-0.0531759644032328,0.0144737862129662,0.0213129573473365
2010-07-31,0.0068186134259797,0.0013861128245586,,0.0587746685309312,0.035625559453802,0.0698894622747522,0.0340724691752034,0.0195913497377917
2010-08-31,0.0200802276457226,0.0177816678327074,,-0.0332709343523786,-0.0228210212424402,-0.0444192611088337,0.005377162058188,0.019833572864555
2010-09-30,0.0002109183218075,0.0058369531811106,,0.0710364299563856,0.0463715501395585,0.0909167311824852,0.0280477681119316,0.0069912167099564
2010-10-31,-0.0015792664166123,0.0269243181196155,,0.0285514205379565,0.0203982135447644,0.0393805107324083,0.0221179201837062,0.0011800656959591
2010-11-30,-0.0069858357862386,-0.0173108065050572,,-0.0026439271477172,0.0210328458551256,0.0011147017495359,-0.0117680944739333,-0.0081126144701114
2010-12-31,-0.0179902813779849,-0.0156452206380902,,0.0573098873952088,0.0762459726999252,0.0668770442567955,0.0139151434400633,-0.0091751745571357
2011-01-31,-0.0002481829508257,0.0014479266603146,,0.0195905553307061,0.0012723614138535,0.0239762808350747,0.019173593087815,0.0019921966267332
2011-02-28,-0.0007432232563709,0.0087653381097979,,0.0295526488477325,0.0456256009264358,0.0335265470907614,0.0124546198137648,0.0079233813092195
2011-03-31,-0.0006101127368104,0.0102295023243318,,-0.0126075651388428,-0.09120704227482,0.0011903734823135,0.004365786876373,-0.0013332526956903
2011-04-30,0.0115365723414511,0.025704442429737,,0.0234138839878295,0.0036524437876707,0.0305996418153161,0.0141776525643006,0.0171961251755757
2011-05-31,0.0156167686024889,0.002774654670793,,-0.0119168197262017,-0.0162638785061059,-0.0108397009740745,0.0058918447959928,0.014440348234224
2011-06-30,-0.0033845804223617,0.0083267877325321,,-0.0158324538775255,0.0146846444492707,-0.0169558542053633,-0.0086888970888116,-0.0087605309776653
2011-07-31,0.018228367390382,0.040452472162433,,-0.027539400094903,0.0354483059158462,-0.0194775851125438,0.0136589112053225,0.0252136749722393
2011-08-31,0.0277718502109577,0.0089616087355425,,-0.0674360395711012,-0.0812577494339681,-0.0553117343612992,-0.0335673201805924,0.0006515245290252
2011-09-30,0.0174657448382781,-0.0016499024048306,,-0.0591611806471141,-0.0158077212028771,-0.0719239933437556,-0.0301615870730341,0.0025519620549318
2011-10-31,-0.0081532522792011,0.0186938373024109,,0.0869506908833745,-0.0024608869996653,0.1098661312887108,0.0532334758886336,0.0178781320749368
2011-11-30,0.0074618281249325,0.0080452788936613,,-0.0120817458607176,-0.0441036925942248,-0.0027420473284727,-0.0180118800095541,-0.0196001572305189
2011-12-31,0.0096621549244799,0.0006169552590111,,0.0058985037744715,0.0083665911131056,0.0094678750361036,0.0236934131354495,0.0213766470210255
2012-01-31,0.0042300459867728,0.0234817971515612,,0.0437532616780546,0.0452107914455133,0.0470936526219229,0.0256145585422761,0.0221395551398816
2012-02-29,-0.0071261345758895,-0.0037566314750515,,0.0476462499891333,0.050496389655755,0.0440593250028561,0.0205579081293557,0.0084175652635634
2012-03-31,-0.010032753061043,-0.0113484818623499,,0.0179623818429543,0.0141100765196465,0.0320226783011664,-0.0023667934414517,-0.0096574548389098
2012-04-30,0.0145476694008383,0.0211719611183485,,-0.0148830192633411,-0.0319324402864398,-0.0060280883915912,0.0104184540551025,0.0139567631037365
2012-05-31,0.0171390760341685,0.0184622803884797,,-0.0654093793229823,-0.0892444164244762,-0.0614387148898527,-0.0097166589755422,0.0075492838898797
2012-06-30,-0.0034776314553696,-0.0058707034348433,,0.0435400091086685,0.0514860525207949,0.0395419999244254,0.0193444004130583,0.0035469652998355
2012-07-31,0.0100680923246608,0.020209457249225,,0.0135296222717264,-0.0238775545868531,0.0135566953405892,0.0199428011351998,0.0287734720959162
2012-08-31,-0.0012860315825489,-0.0036040034228193,,0.0206052928254067,-0.0072332561110593,0.0234717390411373,0.0112555354357531,0.002222823897217
2012-09-30,-0.0030596897599576,0.0052069428629026,,0.0220219743015608,0.023999190148158,0.0254992726541446,0.0127932374549683,0.0070190919068289
2012-10-31,-0.0016939406824442,0.0095472581316668,,-0.0043622916970413,-0.0187320323933822,-0.0180464857168865,0.0094597244006273,0.0128817434797233
2012-11-30,0.0052021613984641,0.0048793173452166,,0.0150253856483582,0.0237500671870046,0.0065134374201796,0.0075294623596245,-0.0015916635054817
2012-12-31,-0.0043534173240625,-0.0072051320495641,,0.0194176162877201,0.053070116548697,0.0095058671103435,0.0137174919536669,-0.0006378661675034
2013-01-31,-0.0080725610206679,-0.0075984815818133,,0.0537735800668535,0.0367182426513037,0.0529168073266616,0.0104961119223063,-0.008895938291223
2013-02-28,0.005285229665261,0.0001857310431475,,0.01521964441676,0.026686654466216,0.012850111999332,0.0044592900756432,0.0076992292197226
2013-03-31,0.0009791904892769,0.0025455337776269,,0.0270480959278485,0.0494545873102505,0.0376151377969705,0.0088221124894616,0.0001936901577354
2013-04-30,0.0088917244142415,0.0095590325438397,,0.0284960423619353,0.0877318587389694,0.0197774318800756,0.017984048815268,0.0182577505992752
2013-05-31,-0.0170747001728214,-0.0467403051515244,,0.0149613378578059,-0.0566048694555613,0.0210720732583335,-0.0070170180605144,-0.0234369232692545
2013-06-30,-0.0110065147960642,-0.0376789716911616,,-0.0239748003757708,0.0175502492193135,-0.0133326626032115,-0.0264029867394542,-0.0276036409077271
2013-07-31,-0.0010889839008814,0.0067982818708469,,0.0476872635396586,0.0060322863241054,0.0526144275897487,0.0177917955560946,0.0083352764542181
2013-08-31,-0.0048608267560488,-0.0148902480402989,,-0.0202909117199614,-0.0214958200110672,-0.0275872123608143,-0.0069658263973036,-0.0070248915707427
2013-09-30,0.0069944894859711,0.0147109042549274,,0.0379831368278955,0.0840445427520905,0.0331223140180913,0.0099819298397689,0.0069470494813627
2013-10-31,0.0048262579363699,0.0057973116807526,,0.0396430258816543,7.038458642131347e-06,0.0443977222360928,0.0250250878073256,0.0147866384020208
2013-11-30,-0.003272683252129,-0.0122406183443057,,0.0218886971304359,0.0149134394642565,0.0285218591288787,0.0036584148371909,-0.001983797860742
2013-12-31,-0.0090714947923122,-0.0152282040443552,,0.0211125422467204,0.0080941323053373,0.0268564410484886,0.0045852278014329,-0.0016331918805378
2014-01-31,0.0135688168257859,0.0217243357931118,,-0.0322030817750072,-0.0385744491633494,-0.0339490570694982,0.007078017899464,0.0181242625451181
2014-02-28,0.0027192138646336,0.004836722521887,,0.0428909537867793,-0.00531413352243,0.0470200802648829,0.02059955978154,0.010398835483991
2014-03-31,-0.0028543703136557,-0.0044556464424149,,0.0023785046749885,-0.0115258665345466,0.0068677532686896,0.0019639954877825,0.0006641495604766
2014-04-30,0.0055166856631818,0.0146104867514832,,0.0077683626547345,-0.0258015791385104,0.0060091266942112,0.00689152516089,0.0119787609388534
2014-05-31,0.0094210658639933,0.0224935571846773,,0.0232740268189941,0.0405978813580975,0.0238654939452937,0.0099646693177513,0.0136708578142021
2014-06-30,-0.0014241348806832,0.003011934475743,,0.0141251589721853,0.052433914957176,0.0214247094766851,0.0078534350772533,0.0007784642288962
2014-07-31,-0.0016292325849147,0.0010514994235398,0.0420764461274688,-0.0076224218202,0.0057976065094001,-0.0140679102671863,-0.0128276901382024,-0.0005581686828266
2014-08-31,0.010547123663532,0.0055002118545962,0.0039418153313873,0.0267188469381811,-0.0216717871735031,0.0401362202398141,0.0164951045006712,0.014423694055802
2014-09-30,-0.0054708572003313,-0.026889760603258,-0.0440429629458754,-0.0096023236566522,-0.0060021227578705,-0.0156222271283973,-0.0193697809703889,-0.0144246973516776
2014-10-31,0.0097379124290884,0.009747394669498,0.0276599722526233,0.0116101210766928,-0.0130205777427316,0.0241328624047615,0.0148534947228577,0.0102373928402367
2014-11-30,0.0080684052168208,0.0030259505121245,0.003727461419644,0.0286934966390848,0.0031074929527565,0.0265194354929747,-0.0067877553741445,0.0067365420961868
2014-12-31,0.0014235380302012,-0.0101891073306273,-0.0066331835653251,-0.0072014756269758,-0.014170118726308,-0.0030508396550392,-0.0116668598939487,0.0006084643568812
2015-01-31,0.0258651215312009,0.033071966737785,0.0267823279370665,-0.0057431360068103,0.0233625720327647,-0.0282293906937974,0.0089923504824938,0.0303375249599998
2015-02-28,-0.0154434395515507,-0.0130181714983473,0.0307837500997125,0.0594259203784526,0.0607321559440336,0.0585021041805847,0.0226185923421699,-0.0101329127508021
2015-03-31,0.0063069649187963,-0.0048617012055389,0.0066509916115702,-0.0036268265140975,0.016508273695068,-0.0144353854995969,-0.0048826021397286,0.0031904242974197
2015-04-30,-0.0052599648080326,0.0069454865880922,0.0414594699404677,0.010860407199297,0.0354647042032638,0.0091440972052549,0.0110908675469611,-0.0070022346739548
2015-05-31,-0.0018025851117161,-0.0091827610189311,-0.0125035145408187,0.013520213503853,0.0131266685380831,0.0133261857226156,0.0035384546765584,-0.006527564217656
2015-06-30,-0.0088262970110566,-0.010921025920081,-0.0367387647633455,-0.0293696236319524,-0.0170024261454037,-0.0189400517400478,-0.0143172491444317,-0.0183789565623878
2015-07-31,0.0083377120289148,0.0030776702298681,-0.0289175444738907,0.0252613138930529,0.0047188647615146,0.0199843544947781,-0.0031954260016893,0.0067492074120185
2015-08-31,0.0004366967649282,-0.0084703144950588,-0.0821658402060661,-0.0661990885224532,-0.05808162741034,-0.0606639553384759,-0.0155850422195416,-0.00591835680327
2015-09-30,0.0087779209086301,-0.0068172445956933,-0.0173710652439935,-0.0349548856722021,-0.0669224961845249,-0.0264829740115851,-0.0248842025291637,0.0074533952636681
2015-10-31,-0.0036627346395432,0.0031171139099504,0.0600858731992193,0.0791148691126019,0.1009326112823617,0.0825138626729058,0.030027426180221,0.0041808595039688
2015-11-30,-0.0040910129968799,-0.0008671891266503,-0.0231954486524156,0.0069109987444713,-0.0099301111837739,0.0034880935959736,-0.018467854343377,-0.00218801460016
2015-12-31,-0.0016377495005406,-0.0085190062782556,0.00461324315737,-0.0210038909483786,0.0034451892618287,-0.0168018430033351,-0.0221806520577232,-0.0077965954715856
2016-01-31,0.0212970177668756,0.0153783538014505,-0.0660342948347774,-0.053292888896746,-0.0822481384987078,-0.0531515997492984,-0.0123937789585411,0.0035464544485255
2016-02-29,0.0089142882917915,0.0117879289587264,-0.0075937979155474,-0.0146188628226801,-0.0273653737890027,-0.0021082444172184,0.0081827952145289,0.0080750286584945
2016-03-31,0.001580890194934,0.0188030714847149,0.0729077077074648,0.0542134000636475,0.0488530970009735,0.0684875215775587,0.0359380435788673,0.0277390826313176
2016-04-30,-0.001050040182054,0.0038599314480038,0.0008835147998602,0.0092996429600833,0.0465017676460571,0.0049412502725238,0.0334527708371203,0.0136920864419597
2016-05-31,-2.710673123971258e-05,-0.0075461646201568,0.0092920303892578,0.018709773674641,-0.0104119053630657,0.0182925408917843,0.0033001922876264,-0.0007735533965006
2016-06-30,0.0220757312760884,0.0218378026438368,0.0073773616587829,-0.0127959997603302,-0.02440167954286,0.0025869509661343,0.0088607068359967,0.0225099450565275
2016-07-31,0.0040518194944231,0.0099880495884462,0.0454811827367906,0.0418231349775608,0.0648403063879058,0.0379507037267382,0.0244695514897326,0.0146125307224359
2016-08-31,-0.0054981626063923,-0.0043338984347629,0.0223471686303891,0.005022430661345,0.0038764953558439,0.001512952729796,0.0201850318544585,0.0019574579785643
2016-09-30,-0.0013223174086068,0.0050227816497088,0.0113492623086885,0.0028215292098323,0.0173951979555439,0.0010815053918677,0.0047484451308006,-0.0024768037221178
2016-10-31,-0.0110094385844764,-0.0047884227413693,-0.0082106824884766,-0.006043477095704,0.0131908380548106,-0.018951272120366,0.0013126230584116,-0.0081360167964014
2016-11-30,-0.0266815860206642,-0.0202098928296444,-0.0062833460125851,0.0269895110341009,-0.0241161260710997,0.0361142323385039,-0.0052548136445885,-0.0268266753620907
2016-12-31,-0.0010539141018939,-0.0015434731171554,-0.0009031525840662,0.0285163461732749,0.0099158501749548,0.018658615448212,0.0167600596964491,0.0066920522588685
2017-01-31,0.0022616189327832,0.0087013130158028,0.0368092347616985,0.0136316745394504,0.0372146180825724,0.0207143626547746,0.0114627702294769,0.0030812362796976
2017-02-28,0.0049338415749244,0.0053778348111082,0.0240832760949675,0.0316381717255438,0.0112393337824873,0.039317556250754,0.0128360636436568,0.0114700497249719
2017-03-31,-0.0004558017229726,-0.0004622567844928,0.0273518939179562,0.0108247272010739,-0.0023335012499497,0.001411292710235,-0.0014517083931452,-0.0023265576941239
2017-04-30,0.0069465907302205,0.0060644468532632,0.0208471088772998,0.0124620442935893,0.0104964068514883,0.0108097187308808,0.0122748881886011,0.0106869976031165
2017-05-31,0.0065274597456772,-0.0003722046233757,0.024547031909386,0.0164118476543802,0.0301895421998261,0.0136379786341504,0.0082962027889361,0.0114969673069758
2017-06-30,-0.0016233983274534,-0.0097657312472653,0.0183258276237299,0.0010278387600199,0.0108046047264247,0.0062653848645062,0.0015092517930654,0.0030572583825739
2017-07-31,0.0016699769155238,0.0042330721471633,0.0384605416545746,0.0151610144110274,0.0202404697163604,0.0203730416704191,0.010445551503402,0.0073130128636533
2017-08-31,0.0108270180987884,0.0114948738387395,0.0134104271865715,0.0025206571943753,-0.0004631363307208,0.0032787502217199,0.0010143609395026,0.0077649329319045
2017-09-30,-0.0085749894029073,-0.0066493806284177,0.0029670897044116,0.0239826327932767,0.0208444352861724,0.0203931922363318,0.0078107816542203,-0.0017346004173329
2017-10-31,-0.0012100656111608,0.002154421755365,0.0406892686646476,0.0259782908008215,0.046120950046758,0.0228989801409544,0.0043233019218427,0.0040368143936515
2017-11-30,-0.001374398473146,0.0018268661349836,0.0012315157023908,0.0166847150195761,0.029943363942583,0.030440462403162,-0.0027137147365835,-0.0014570620918043
2017-12-31,0.0030908124179434,0.0101119618020997,0.0212540508448797,0.0120179434425734,0.0071711158974377,0.0108401765946356,0.0019818109186368,0.0091240547190336
2018-01-31,-0.0135891276905825,-0.0088306661496021,0.0551230851971988,0.0387243277496932,0.0458392650830909,0.0573925874473948,0.0043130452792088,-0.0095615810857548
2018-02-28,-0.0075325727058353,-0.0108070720316716,-0.0354247256688628,-0.0342441851520557,-0.0150028866521675,-0.0366951163339603,-0.0098598737936154,-0.0162327239230747
2018-03-31,0.0094313180406473,0.0111938141202446,-0.0214485053868951,-0.021792825443239,-0.0197403742955099,-0.024401381934353,-0.005610357422724,0.0025318138094269
2018-04-30,-0.008097846900399,-0.000556622836402,0.0177687365931325,0.0204248501900976,0.0066752112019022,0.0040164105252874,0.005615830095613,-0.0092772300926628
2018-05-31,0.0089780191146431,0.0041152457251618,-0.0041194343748844,0.0142356640608479,-0.0097289530851526,0.0243841584311707,-0.0013199653216211,0.0053572715368834
2018-06-30,0.0002041081146636,0.0044073754081121,-0.0230191758438373,0.004393073406867,-0.0249917506714648,0.0067909243974768,0.0022706298847218,-0.0058106972900468
2018-07-31,-0.004182503043976,-0.0051838280314433,0.0116916420387199,0.0324449539812781,0.0040056399469391,0.0358990181513354,0.0107474022342736,0.0083148177224934
2018-08-31,0.0076483987612262,0.0073362967415143,-0.0028196984444811,0.0144903240960826,0.0022693897112288,0.0331142830762669,0.0078538949091218,0.0049382989403893
2018-09-30,-0.0093359048003367,-0.0113310137013667,-0.0137831855937882,0.0082404457558312,0.0316629569319981,0.0045727162183084,0.0050529938797238,-0.0035664452404188
2018-10-31,-0.0047768536348075,-0.0156072823431904,-0.0910806134336368,-0.066627241012781,-0.084518292647586,-0.0694256539029906,-0.0146483481866126,-0.0146023902260267
2018-11-30,0.0088765666065301,0.0053055516022028,0.0284163596025662,0.0126523338518589,0.0040032799546759,0.0194828287882092,-0.0054942221718034,-0.0016655001805425
2018-12-31,0.0215143319860887,0.0055069212559945,-0.0225316065864345,-0.0774953139150723,-0.0665543427509786,-0.0900790167823546,-0.0188939960749849,0.0147069725844229
2019-01-31,0.0047053399834436,0.0140289968476976,0.0655081556085359,0.0738799336304762,0.0610110675990919,0.0822381644513869,0.044292006986521,0.0235200243877719
2019-02-28,-0.0027087032770466,-0.0003274237955326,0.0296268278736913,0.0344460365858043,-0.0002588806999535,0.0334771897580928,0.0164825849875381,0.0021681841877053
2019-03-31,0.0190913994890233,0.0193927754866557,0.0156978064034003,0.0175006533119075,0.0072955662368805,0.0184887038296707,0.0111421167532528,0.025050093067551
2019-04-30,-0.0027764729924526,0.0031619077564014,0.0240060566464611,0.038887673273743,0.0138807651928989,0.0400992610824834,0.0127968094141975,0.0054274934801806
2019-05-31,0.0235018369986252,0.0180239213235674,-0.0618246863904464,-0.0552653653845418,-0.0395409104353657,-0.0632252542873698,-0.0104474310452534,0.0143307210499438
2019-06-30,0.0092269539008149,0.008087671928774,0.0514314219627223,0.0604126273283857,0.0376700932630392,0.070236333860903,0.0259079576020338,0.0244569547636228
2019-07-31,-0.0011753859724269,0.0039461749876006,-0.0059836068018675,0.0127466942310035,0.0014056777665639,0.0154486787708389,0.0058973953769018,0.0055934026346594
2019-08-31,0.0339940892568416,0.0258709554549051,-0.0308040521739417,-0.0182913922196902,-0.0100730261075869,-0.0173906691264243,0.007336261172802,0.0314484067594773
2019-09-30,-0.008458385027165,-0.0147185561488406,0.0144605237274576,0.0244128506799253,0.0419782420134492,0.0177881257147627,0.0034901828269771,-0.0065044286901478
2019-10-31,0.0006814967100898,0.0024594843453587,0.0292660336452122,0.0197809652588088,0.0485359710563674,0.0217701418826492,0.0033061432096904,0.0060685773460202
2019-11-30,-0.0030080189226614,0.0017735520265904,0.0102082082573507,0.0323997527260324,0.0056334019313554,0.0375937260945611,0.006057718486251,0.0025183683611175
2019-12-31,-0.0056131280702351,0.0031340446408585,0.0431069693022581,0.0239249226711994,0.0210885844662967,0.0293187234810958,0.0162160648922545,0.003199203801033
2020-01-31,0.0244382051380511,0.0225382541279104,-0.0245649987267219,-0.0017574469044864,-0.0135939373985542,0.0019576200584299,0.0006611570247932,0.0234498263637382
2020-02-29,0.0265054005528292,0.0149461190399886,-0.0299039193224852,-0.0796421378004188,-0.091382860033307,-0.0815450046072761,-0.0143637815218587,0.0133789659624866
2020-03-31,0.0289231982167522,-0.0178785567970512,-0.1278841499330234,-0.125819860921571,-0.0697984181793258,-0.1268356606773688,-0.1065296175519695,-0.070853579342647
2020-04-30,0.0063599585944449,0.0291839533750453,0.0826364804978572,0.1062239490576382,0.0538817772917249,0.1315391977738804,0.0417314691071461,0.0524314407500441
2020-05-31,-0.0025343492370142,0.0024896625012089,-0.0014776684661155,0.0480575729357924,0.0592285413292242,0.0520171539088847,0.0441234576545846,0.015642716482816
2020-06-30,0.0009378730773688,0.0114680405903294,0.0679991279458878,0.0242201607157265,9.415711264516042e-05,0.0228186133803029,0.0068762843634586,0.0196040368631998
2020-07-31,0.0114263264032623,0.0253197740589054,0.0695029868847044,0.0346837894718237,-0.0158778688594895,0.059361893545955,0.0484903411807524,0.0325073349366904
2020-08-31,-0.0109535627935139,0.0101363363202261,0.0308796033626655,0.063298206706714,0.0761580440313903,0.0750807143559327,0.0074300441492088,-0.0137888861853258
2020-09-30,0.0013886183584721,-0.0037568390912398,-0.0212865897861145,-0.028254941644454,0.0110966015031198,-0.037306361178709,-0.0123228533530906,-0.0028618416193519
2020-10-31,-0.0094294135869379,-0.0068779250534147,0.0211369682814391,-0.0300780069045209,-0.0159604253367503,-0.0260197675168457,0.0049226938695474,-0.0017997643830729
2020-11-30,0.0034812751082541,0.0118767504123613,0.0770662993180972,0.1211724228274169,0.1249756580357977,0.1156962288686259,0.0354698915460361,0.0278600367441378
2020-12-31,-0.0023166539298357,0.0113448529424213,0.052948524149584,0.0358657397895919,0.0414621015986386,0.041240694582312,0.0160614234409134,0.0043549260745368
2021-01-31,-0.0095645797223034,0.0028249044694033,0.0393375086167413,-0.0073255840177414,-0.0100008678713926,-0.0092760567746414,0.0011019984774737,-0.0128310237019653
2021-02-28,-0.0181465756050332,-0.0183901419935969,0.013860170770414,0.0269015836990065,0.0152105737062028,0.0261159087023198,0.0017298056499803,-0.0172284605839968
2021-03-31,-0.0154133487036207,-0.0026650855091963,-0.0122854636650693,0.0425492628329769,0.0119161640884414,0.0376203111078552,0.0002881615080739,-0.0171588166476124
2021-04-30,0.0074981854739801,0.0148950754430328,0.0206264253621325,0.0411751144066537,-0.0152236798501037,0.0544252160693317,0.0106438554361916,0.0110772048959012
2021-05-31,0.003449547623897,0.0122560117293019,0.0096538913074997,0.0110573861961018,0.0156982341946473,0.004807698360896,0.0022016498547124,0.0076825314142739
2021-06-30,0.0064263520451871,0.0070373521851754,0.0092024653956449,0.0236295818219538,-0.002717864824522,0.0278416121052657,0.0129325440370847,0.0163128998257104
2021-07-31,0.0136040987364465,0.0281111932746517,-0.05867449096736,0.0175120510623006,-0.0126476486528168,0.023646054182121,0.0044548750078577,0.0136881650755604
2021-08-31,-0.0017494491085054,-0.0020821460451917,0.0197183382329206,0.0270925531895753,0.0307661075446335,0.0295114683003217,0.00533006784102,-0.003025979669594
2021-09-30,-0.0108398713653253,-0.0078187835008487,-0.031665388519678,-0.036183618712972,0.028758495987481,-0.0472158101967289,-0.0005063175565613,-0.0105261277592494
2021-10-31,-0.0007038833092424,0.0118382730531275,0.0092959023730182,0.0555709272822631,-0.0336233851077419,0.0697489129041003,-0.0015404833629872,0.0024794865902355
2021-11-30,0.0076556285776797,0.0100284106743915,-0.0308119351275328,-0.014143913788117,-0.0246014519981026,-0.0100689013538515,-0.0097395643811405,0.0006159720035505
2021-12-31,-0.005135209294205,0.0031474024688096,0.012822612104027,0.0407039295444391,0.0191344309705955,0.0395219784484534,0.0190848750947524,-0.0008010717629665
2022-01-31,-0.018943814835067,-0.0221964271143433,-0.0322242139108653,-0.0489135020877668,-0.0507195898696148,-0.0566190659665751,-0.0284940143819669,-0.0336613431047519
2022-02-28,-0.0065869528402146,0.0082415349024265,-0.013620658356361,-0.0260927152032824,-0.011111455286457,-0.0292968885767597,-0.008973469833574,-0.0200015478787477
2022-03-31,-0.0311367977554994,-0.0192849579410581,-0.0055401139854141,0.0319638076541568,-0.0033962402326221,0.0351582486182055,-0.0091916878892288,-0.0252161835021676
2022-04-30,-0.0309805656903106,-0.0218284903165527,-0.0301589906645092,-0.0674390425555129,-0.0880407555662325,-0.0906561647295079,-0.0358464279928721,-0.0546793731456033
2022-05-31,0.0018283607300913,-0.0121943888277523,-0.0013622957719041,-0.0012749067953213,0.0164851842841662,-0.0021902503044777,0.0066468180626776,0.0093358053258516
2022-06-30,-0.0087993278370409,-0.0330285630887366,-0.0376314523199926,-0.0764287695064122,-0.0786974386746552,-0.0827752295595865,-0.0674246571684181,-0.0279992275063918
2022-07-31,0.0159419319158503,0.0453405516600354,0.0008731029210262,0.0804272811407767,0.0570053223589963,0.0932727831116591,0.0615942288372005,0.0323714524438761
2022-08-31,-0.0248082385036883,-0.0268897378592011,0.0085843893074763,-0.0334593606139993,-0.0254885279102192,-0.0391711121014535,-0.0272715011464281,-0.02932394149723
2022-09-30,-0.03453385995379,-0.0686683219025052,-0.0975717463035652,-0.0813753932149917,-0.1021695621989744,-0.0927433202883835,-0.0389343883455658,-0.0525549146108158
2022-10-31,-0.0139386238331468,0.0126185138584363,-0.0357888127677097,0.0722322491328595,0.0296453159296817,0.0793838010825778,0.0298451476387418,-0.0103414117413487
2022-11-30,0.0267800573665933,0.0191751348012006,0.1394710061626901,0.0584674493943265,0.0968376063826791,0.0544067387978489,0.0208362519029074,0.0517827641685148
2022-12-31,-0.0051834745610593,-0.0104864324255701,-0.0123257356049758,-0.0500294459045402,0.0029125874224957,-0.0587972842035044,-0.0076300958793823,-0.0043882422293505
2023-01-31,0.0250580984947845,0.0191260895570576,0.0687923137545495,0.0663608972326695,0.0621560035176758,0.0657956932641311,0.036205863372361,0.0400681777428638
2023-02-28,-0.0233972361593839,-0.0137971306412853,-0.045266010525317,-0.014567808123717,-0.0383338953013752,-0.0238723088877451,-0.0148135296904506,-0.0318095613727109
2023-03-31,0.0289447206630279,0.0292409454141851,0.0242897189825576,0.026433542047818,0.0414812091241984,0.0355185668811675,0.0144695876765803,0.0278426202778926
2023-04-30,0.0053581486432332,0.0007001889782393,-0.0104143351795065,0.0172634015102839,0.0036664989614648,0.0126902253614763,0.0084301795085213,0.0076561477708959
2023-05-31,-0.0116086238532247,-0.0119437610700827,-0.0171663050773181,-0.0006942478010131,0.0186750278065657,0.0065049738144636,-0.009820667981974,-0.0144822481880585
2023-06-30,-0.0075092539262001,-0.0028759129116917,0.0286207282758361,0.0579663327385113,0.0411415111134054,0.0666817382329681,0.014014567304692,0.0041146672175552
2023-07-31,-0.0035419125432906,0.000556642920506,0.0498132817042503,0.0301221042240197,0.0302031035685142,0.0344226530177656,0.0129460792502263,0.0034491707932942
2023-08-31,-0.005182067708507,-0.0093723705138068,-0.043961565598786,-0.0164355135425612,-0.024178272086049,-0.0168558090810696,0.0018704405299726,-0.0077687735640749
2023-09-30,-0.0220924455892801,-0.0193347179101094,-0.0204202250785406,-0.0358914711743745,-0.0196857941544049,-0.0468895827022447,-0.0123322561921181,-0.0266946986097484
2023-10-31,-0.012084103151446,-0.0081792949577166,-0.0358407843748173,-0.0253362627738302,-0.0450264887482158,-0.0230116054754665,-0.0096201499050484,-0.018725870018722
2023-11-30,0.0347288069102934,0.0279745555538199,0.050896142573451,0.0847836231747451,0.0856177748684569,0.0942921965435965,0.0457316195600429,0.0597817196935259
2023-12-31,0.0336492499788818,0.0273801411140433,0.0367615099169455,0.0427827115489223,0.0438619023986652,0.0471147752162161,0.0341591694915613,0.0433543985819438
2024-01-31,-0.0028057199996257,0.0015391991118064,-0.0334574254577924,0.0185296736227412,0.0461906473067627,0.0155770318063468,0.0007002141590673,-0.0017010484699478
2024-02-29,-0.0131193062475291,-0.0106698011469928,0.0498879684609014,0.0469541672192535,0.0300416202218034,0.0536588066806427,0.0003846437135304,-0.0150322169418685
2024-03-31,0.0064255495845768,0.0081698088520557,0.0313830345263341,0.0350239003152832,0.0315588972859725,0.0318074260561377,0.0117823426430406,0.0129290469470153
2024-04-30,-0.0232735857040901,-0.0174582712737387,0.0122463278052345,-0.0312171922500467,-0.0485464741328719,-0.0412782564476162,-0.0092194868539942,-0.0254477323420422
2024-05-31,0.0145706141663804,0.0178881541213288,0.0140974343507704,0.0420324504575684,0.0135356159809897,0.04776461155086,0.0111985669751424,0.0187317519564545
2024-06-30,0.0100847427954354,0.0075023042812458,0.037820952244371,0.0241123238548036,-0.0069570708575401,0.0357614565326188,0.0101908437760394,0.0063598821695484
2024-07-31,0.0218765362691859,0.0181142987876736,0.0077328212840431,0.0133207895936278,0.0579911927186354,0.0125518033523205,0.0167248528037195,0.0238359534523642
2024-08-31,0.0127948218382826,0.0080452619924696,0.0047939415040443,0.0194853324789869,0.0051057188782622,0.0241171138681451,0.0153693234276105,0.0157262409214552
2024-09-30,0.0120216350475743,0.0151271361675281,0.0667334651952124,0.0160178017736236,-0.0043658248024774,0.021514836770509,0.0112557797597167,0.0177291489622282
2024-10-31,-0.0238133492498086,-0.0182216898512621,-0.028541085756877,-0.0081519458645832,-0.038953937544699,-0.0073851298897757,-0.0071913955784109,-0.0242717034726334
2024-11-30,0.0077736253186567,0.0049340710635816,-0.0151500425730862,0.0495997179951396,0.0066122628191923,0.0625889922206365,0.0107544286625468,0.0133786183912648
2024-12-31,-0.0154063789265826,-0.0164602466500079,0.0063891392646524,-0.0182847890612235,-0.0032518911725628,-0.0254486872436881,-0.0051817817855984,-0.0193530636488516
2025-01-31,0.0051744227325979,0.0130262671496319,0.0136851818543561,0.0351794661398447,0.0156538739781466,0.0304445272482553,0.0134397062543598,0.0055249227433997
2025-02-28,0.0215589229932225,0.0228202009561919,0.005077479979083,-0.0089540216809964,-0.0135238212499351,-0.0157518214703644,0.0067621613955465,0.0203860515516464
2025-03-31,0.0022943343023079,0.0052965038123549,-0.0062715871142893,-0.0493616506191956,0.003110332878653,-0.0585068876447594,-0.0085367983906866,-0.0028818235173746
2025-04-30,0.0063348095209843,0.0004739139381044,-0.0022998736955855,-0.0033039233347424,0.0523208458552122,-0.0051221282767656,0.0008051438271042,-0.0003269807096989
2025-05-31,-0.010280525011606,-0.0061349894595892,0.0400511138885414,0.0604791621993123,0.0405559928667741,0.0645456966931472,0.0149011605565978,-0.0001126118574281
2025-06-30,0.0125420179201352,0.0095083286277385,0.0475836564807266,0.0387160742841421,0.0172905683032066,0.0514441401248136,0.0187166722931699,0.0186869796193748
2025-07-31,-0.0039210405144547,0.0010478325757626,0.0371624055271084,0.0209681467363784,-0.0139976819929143,0.0228829185317491,0.0027884171750386,0.0006516375358421
2025-08-31,0.0105537648996819,0.0150777332016472,0.0167270437398019,0.0215595363916065,0.0695607649720934,0.0196339818274113,0.0118036701837283,0.0101331222158897
